Name,Link
A2-Cal Aptos Blue,https://evtol.news/a2-cal-aptos-blue
Ace VTOL GT Slipstream,https://evtol.news/ace-vtol-gt-slipstream-concept-design
Ace VTOL Slipstream Elite,https://evtol.news/ace-vtol-slipstream-elite-concept-design
Ace VTOL Trinity,https://evtol.news/ace-vtol-trinity-concept-design
ACS Aviation Z-300,https://evtol.news/acs-aviation-z-300/
Advanced Research Foundation Cyclocar,https://evtol.news/advanced-research-foundation-cyclocar
Advanced System Engineering - FIPSI BX4,https://evtol.news/advanced-system-engineering-bx4/
Advanced System Engineering - FIPSI WX4,https://evtol.news/advanced-system-engineering-wx4/
Advanced Tactics Barracuda,https://evtol.news/advanced-tactics-barracuda
Aerofugia Technology Co. Ltd. (Geely) AE200 X01,https://evtol.news/aerofugia-technology-co-ltd-geely-ae200-x01-technology-demonstrator
aeroG Aviation aG-4 Liberty,http://evtol.news/aerog-aviation-ag-4/
aeroG Aviation UV-4,http://evtol.news/aerog-aviation-uv-4/
Aeronext Flying Gondola,https://evtol.news/aeronext-flying-gondola/
Aibot US Inc. aiEVTOL,https://evtol.news/aibot-aievtol
Aibot US Inc. aiEVTOL Drone,https://evtol.news/aibot-aievtol-drone
Airbility AB-2,https://evtol.news/airbility-ab-2
Airbus Acubed Vahana Alpha One,https://evtol.news/a3-by-airbus/
Airbus Acubed Vahana Alpha Two,https://evtol.news/acubed-vahana-alpha-two-defunct
Airbus Acubed Vahana Beta,https://evtol.news/airbus-acubed-vahana-beta-concept-design
Air Race E Unnamed eVTOL Racer,https://evtol.news/air-race-e-unnamed-evtol-racer
AIR VEV AIR ONE,https://evtol.news/air-one
AIR VEV AIR ONE Cargo,https://evtol.news/air-vev-air-one-cargo
Airis Aerospace AirisOne,https://evtol.news/airisone/
Airspace Experience Technologies (ASX) MOBi-One V1,http://evtol.news/airspacex/
Airspace Experience Technologies (ASX) MOBi-One V2,https://evtol.news/airspace-experience-technologies-asx-mobi-one-v2
Airspace Experience Technologies (ASX) MOBi-One V3,https://evtol.news/airspace-experience-technologies-asx-mobi-one-v3
Airspace Experience Technologies (ASX) Sigma-6,https://evtol.news/airspace-experience-technologies-asx-sigma-six
Airspace Experience Technologies (ASX) Sigma-6 Cargo Drone,https://evtol.news/airspace-experience-technologies-asx-sigma-6-cargo-drone
Alauda Airspeeder Mk4,https://evtol.news/alauda-airspeeder-mk4-hydrogen-electric
ALEF Aeronautics Model A,https://evtol.news/alef-aeronautics-model-a
ALEF Aeronautics Model Z,https://evtol.news/alef-aeronautics-model-z
ALEF Aeronautics Zero A,https://evtol.news/alef-aeronautics-zero-a
ALEF Aeronautics Zero B,https://evtol.news/alef-aeronautics-zero-b
Aliptera APV-1,https://evtol.news/aliptera-apv-1/
Alwinart (Sagstuen) Tesla eVTOL Concept,https://evtol.news/alwinart-tesla-evtol-concept
American Aerospace Engineering Eversor,https://evtol.news/american-aerospace-engineering-eversor
AMSL Aero Vertiia,https://evtol.news/vertiia/
ARC Aerosystems HUMA,https://evtol.news/samad-aerospace-huma/
ARC Aerosystems e-Starling Jet,https://evtol.news/samad-e-starling-jet/
ARC Aerosystems Starling Cargo,https://evtol.news/samad-starling-cargo
ARC Aerosystems Starling Cargo S5M,"https://evtol.news/samad-aerospace-starling-cargo-s5m-demonstrator"" target=""_blank"
ARC Aerosystems Starling Jet,https://evtol.news/starling-jet/
ARC Aerosystems UAV Starling,https://evtol.news/samad-uav-starling/
Archer Aviation Maker,https://evtol.news/archer-maker
"Archer <span class=""break-words""><span><span dir=""ltr"">Aviation Midnight</span></span></span>",https://evtol.news/archer/
Aston Martin Volante,http://evtol.news/aston-martin-volante/
Aufeer Design TX-0001,http://evtol.news/aufeer-design-flying-taxi-concept/
Aurora Flight Sciences (Boeing) XV-24 LightningStrike,http://evtol.news/aurora-flight-sciences/
Autonomous Flight Y6S,http://evtol.news/autonomous-flight/
Autonomous Flight Y6S Plus,https://evtol.news/autonomous-flight-y6s-plus
AVIC General Aviation eVTOL,https://evtol.news/avic-general-evtol
Avioneo Robotics Avioneo 2345,https://evtol.news/avioneo-robotics-avioneo-2345
Baaz Concept Design,https://evtol.news/baaz
Baaz Production Model,https://evtol.news/baaz-production-model
Bartini,https://evtol.news/bartini-technology-demonstrator
Bartini,https://evtol.news/bartini-two-passenger-concept-design
Bartini,https://evtol.news/bartini-four-passenger-concept-design
Bartini,http://evtol.news/bartini/
Beihang University Blue Goose,https://evtol.news/beihang-university-blue-goose
Bell Autonomous Pod Transport (APT),http://evtol.news/bellapt/
Bell Nexus 4EX,https://evtol.news/bell-nexus-4ex/
Bell Nexus 6HX,http://evtol.news/bell-air-taxi
Bellwether Industries Antelope,https://evtol.news/bellwether-industries-antelope
Beta Technologies Ava XC,http://evtol.news/beta-technologies-prototype/
Blueflite Slate,https://evtol.news/flugauto-unnamed-cargo-drone
Cadillac VTOL,https://evtol.news/cadillac-vtol
Callaway Arkham City Batwing,https://evtol.news/callaway-arkham-city-batwing
Caltech Morphobot M4,https://evtol.news/caltech-morphobot-m4
CFC AirCAR,https://evtol.news/cfc-aircar/
Chatillon Buzzaxe H5,https://evtol.news/chatillon-buzzaxe-h5-concept-design
Chatillon Ciconia,https://evtol.news/chatillon-ciconia-concept-design
Chatillon Le Colibri,https://evtol.news/chatillon-le-colibri-concept-design
Chatillon Tritan Jet T1,https://evtol.news/chatillon-tritan-jet-t1-concept-design
Chatillon Tritan Jet TQ,https://evtol.news/chatillon-tritan-jet-tq-concept-design
Coflow Jet CFJ-VTOL,https://evtol.news/coflow-jet-cfj-vtol-concept-design
Coflow Jet CFJ-VTOL eCargo,https://evtol.news/cfj-vtol-ecargo-concept-design
Coflow Jet CFJ-VTOL TW,https://evtol.news/coflow-jet-cfj-vtol-tw-concept-design
Chongqing Flying Car,https://evtol.news/chongqing-flying-car-prototype
Crisalion Mobility Integrity 1,https://evtol.news/umiles-next-concept-integrity
Crisalion Mobility Integrity 3,https://evtol.news/umiles-next-integrity-3
Crisalion Mobility Integrity 6,https://evtol.news/crisalion-mobility-integrity-6
Crisalion Mobility New Concept 1,https://evtol.news/tecnalia/
Crisalion Mobility New Concept 2,https://evtol.news/crisalion-mobility-new-concept-2
CycloTech Air Taxi V1,https://evtol.news/CycloTech-Passenger-Demonstrator
CycloTech Air Taxi V2,"https://evtol.news/cyclotech-air-taxi-v2"" target=""_blank"
CycloTech Bumblebee,https://evtol.news/cyclotech-bumble-bee
CycloTech CCY-01,https://evtol.news/cyclotech-ccy-01
CycloTech CruiseUp,https://evtol.news/cyclotech-cruiseup
CycloTech D-Dalus,https://evtol.news/cyclotech-d-dalus
CycloTech UAV Demonstrator,https://evtol.news/CycloTech-UAV-demonstrator
DARPA Ancillary Tactical Drone,https://evtol.news/darpa-ancillary-tactical-drone-proposer
Davies Tesla Concept Model V,https://evtol.news/tesla-concept-model-v
Davies Tesla Concept Model V2,https://evtol.news/davies-tesla-concept-model-v2
Deep Blue Aviation MX 18 Silhouette 5,https://evtol.news/deep-blue-aviation-mx-18-silhouette-5
Deep Blue Aviation MX 18 Silhouette M,https://evtol.news/deep-blue-aviation-mx-18-silhouette-m
Deep Blue Aviation MX 18 Silhouette X,https://evtol.news/deep-blue-aviation-mx-18-silhouette-x
Deep Blue Aviation Sky Cruiser,https://evtol.news/deep-blue-aviation-sky-cruiser
Delft University of Technology Aether,https://evtol.news/delft-university-of-technology-aether
Delft University of Technology Wigeon,https://evtol.news/delft-university-of-technology-wigeon-concept-design
DeLorean Aerospace DR-7,http://evtol.news/delorean-aerospace/
Detroit Flying Cars WD-1,https://evtol.news/detroit-flying-cars-wild-dream-1
Didia Atlas,https://evtol.news/didia-atlas-concept-design
Didia Blueflite,https://evtol.news/didia-blueflite
Didia Mantas,https://evtol.news/didia-mantas-concept-design
Didia Titan,https://evtol.news/didia-titan-concept-design
Digi Robotics DroFire,http://evtol.news/digi-robotics-drofire/
Digi Robotics Droxi,http://evtol.news/digi-robotics-droxi/
Dufour Aerospace aEro 2,http://evtol.news/dufour-aero2/
Dufour Aerospace Aero2,https://evtol.news/dufour-aerospace-aero2-cargo-drone
Dufour Aerospace aEro 3,https://evtol.news/dufour-aerospace-aero-3
Dufour Aerospace Aero3,https://evtol.news/dufour-aerospace-aero3-production-aircraft
Dufour Aerospace VTOL Technology Demonstrator,https://evtol.news/dufour-aerospace-vtol-technology-demonstrator
Eco'Trip,http://evtol.news/eco-trip/
Edea 22/1 Jay,https://evtol.news/edea-221-jay
Electric Airspace Y6,https://evtol.news/electric-airspace-y6
ELSA Industry ELSA-H UAV,https://evtol.news/elsa-industry-elsa-h-uav
Elytron 2S Prototype 11,https://evtol.news/transcend-elytron-2s-prototype-11
Elytron Aircraft Elytron 4S,https://evtol.news/elytron-aircraft-elytron-4s
Elytron Aircraft Elytron 10S,https://evtol.news/elytron-aircraft-elytron-10s
Embraer Pulse Concept,https://evtol.news/embraer-pulse-concept
Emotion Aircraft Emotion,https://evtol.news/emotion-aircraft-emotion
EVA X01,http://evtol.news/eva-x01/
EVA Valkyr,http://evtol.news/eva-valkyr/
Flexcraft RPV,https://evtol.news/flexcraft-test-bench-rpv/
Flexcraft VERA,https://evtol.news/flexcraft-vera/
Freedom Transports Zero G eCruzer,https://evtol.news/sharifzadeh-zero-g-ecruzer
Gizio CellCraft G150,"http://evtol.news/gizio-cellcraft-g150-concept-aircraft/"" rel=""noopener noreferrer"
Gizio CellCraft G450,http://evtol.news/gizio-cellcraft-g450-concept-aircraft/
Gizio DDRH/DDVL,http://evtol.news/gizio-ddrh-and-ddvl/
Gizio EJ11 ElectroJet,http://evtol.news/gizio-ej11-electrojet-concept-aircraft/
Griffon Aerospace Valiant,https://evtol.news/griffon-aerospace-valiant
Grug Group Business eVTOL Jet,http://evtol.news/grug-group-business-evtol-jet/
Grug Group Ghost X V1,http://evtol.news/grug-group-ghost-x-v1/
Grug Group Ghost X V2.2,http://evtol.news/grug-group-ghost-x-v2-2/
Grug Group Ghost X V3,http://evtol.news/grug-group-ghost-x-v3/
Grug Group Personal eVTOL Jet,http://evtol.news/grug-group-personal-evtol-jet/
Grug Group SBX,http://evtol.news/grug-group-sbx/
Hemanth Sudhakaran AVEM,https://evtol.news/hemanth-sudhakaran-avem
Highgate AeroDesign Targa VTOL,https://evtol.news/highgate-aerodesign-targa-vtol
HopFlyt Venturi,http://evtol.news/hopflyt/
HopLite Aviation,https://evtol.news/hoplite-aviation/
Imaginactive Transvolution,http://evtol.news/imaginactive-transvolution/
Industry Network Cocooon X-1,https://evtol.news/industry-network-cocooon-x-1/
IO Aircraft Challenger SC,https://evtol.news/io-aircraft-challenger-sc
IO Aircraft Chippewa 350E,https://evtol.news/io-aircraft-chippewa-350e
IO Aircraft Chippewa 350M,https://evtol.news/io-aircraft-chippewa-350m
Ion Aircraft eVTOL-CHe,https://evtol.news/ion-evtol-ch-e
Ion Jet EVTOL,https://evtol.news/ion-jet-evtol-concept-design
Jantschke Megacity Aviation,https://evtol.news/jantschke-megacity-aviation-concept-design
JAXA Hornisse 2B,http://evtol.news/jaxa-hornisse/
Jetcopter VTOL Technologies Sky Bridge,https://evtol.news/jetcopter-vtol-technologies-sky-bridge
Jetcopter VTOL Technologies Sky Cargo,https://evtol.news/jetcopter-vtol-technologies-sky-cargo
Jetcopter VTOL Technologies Sky Commuter,https://evtol.news/jetcopter-vtol-technologies-sky-commuter
Jetcopter VTOL Technologies Sky Connect,https://evtol.news/jetcopter-vtol-technologies-sky-connect
Jetcopter VTOL Technologies Sky Executive,https://evtol.news/jetcopter-vtol-technologies-sky-executive
Jetcopter VTOL Technologies Sky Hopper,https://evtol.news/jetcopter-vtol-technologies-sky-hopper
Jetcopter VTOL Technologies Sky Mod,https://evtol.news/jetcopter-vtol-technologies-sky-mod
Jetcopter VTOL Technologies Sky Path,https://evtol.news/jetcopter-vtol-technologies-sky-path
Jetcopter VTOL Technologies Sky Shadow,https://evtol.news/jetcopter-vtol-technologies-sky-shadow
Jetcopter VTOL Technologies Sky Skimmer,https://evtol.news/jetcopter-vtol-technologies-sky-skimmer
Jetcopter VTOL Technologies Sky Slider,https://evtol.news/jetcopter-vtol-technologies-sky-slider
Jetcopter VTOL Technologies Sky View,https://evtol.news/jetcopter-vtol-technologies-sky-view
Jetoptera J-500,https://evtol.news/jetoptera-j-500
Jetoptera J-1000,https://evtol.news/jetoptera-j-1000
Jetoptera J-2000,http://evtol.news/jetoptera-j2000/
Jetoptera J-4000,https://evtol.news/jetoptera-j-4000
Jetoptera J-HS,https://evtol.news/jetoptera-j-hs
JETX Vector E,https://evtol.news/jetx-vector-e
JETX Vector F,https://evtol.news/jetx-vector-f
JETX Vector MADE,https://evtol.news/jetx-vector-made
JETX Vector MAPE,https://evtol.news/jetx-vector-mape
JETX Vector MPE,https://evtol.news/jetx-vector-mpe
Joby Aviation Monarch,https://evtol.news/joby-s4-monarch/
Joby Aviation Lotus,http://evtol.news/joby-lotus/
Joby Aviation S2,http://evtol.news/joby-s2/
Joby Aviation S4 1.0,https://evtol.news/joby-aviation-s4-10-technology-demonstrator
Joby Aviation S4 2.0,https://evtol.news/joby-s4
Joby Aviation SHy4,https://evtol.news/joby-aviation-shy4
Joby Aviation S4,https://evtol.news/joby-aviation-s4-production-prototype
Kelekona Unnamed eVTOL,https://evtol.news/kelekona-unnamed-evtol
KineticCo Aerospace and Advanced Technologies,http://evtol.news/kineticco-aerospace-and-advanced-technologies/
Kitty Hawk Heaviside,https://evtol.news/kitty-hawk-heaviside/
Kitty Hawk Heaviside 2 (H2),https://evtol.news/kitty-hawk-heaviside-2
Klissarov Design Acro,https://evtol.news/klissarov-design-acro
Korea Aerospace Industries (KAI) Night Intruder,https://evtol.news/korea-aerospace-industries-night-intruder
Kozloff Pegasus,https://evtol.news/the-goliath-series-pegasus
Kozloff Ship to Shore Air Limo,https://evtol.news/kozloff-ship-to-shore-air-limo-ssal
Kronstadt Air Taxi,http://evtol.news/kronstadt-air-taxi/
Lee Linker,https://evtol.news/lee-linker
Leonardo Unnamed eVTOL,https://evtol.news/leonardo-helicopters-unnamed-evtol
Leonardo Helicopters Project Zero,http://evtol.news/agustawestland-project-zero/
Lilium Dragon,https://evtol.news/lilium-dragon-defunct
Lilium Eagle,https://evtol.news/lilium-jet-prototype-eagle/
Lilium Falcon,https://evtol.news/lilium-falcon-defunct
Lilium Jet,https://evtol.news/lilium-gmbh-lilium-jet-7-seater
Lilium Jet,"https://evtol.news/lilium-jet-16-seater"" target=""_blank"
Lilium Phoenix,http://evtol.news/lilium/
Limosa LimoConnect V1,https://evtol.news/limosa-limoconnect
Limosa LimoConnect V2,https://evtol.news/limosa-limoconnect-v2
LuftCar,https://evtol.news/luftcar-concept-design
LuftCar,https://evtol.news/luftcar-production-model
Lyte Aviation LA-44 SkyBus,https://evtol.news/lyte-aviation-la-44-skybus
Lyte Aviation LA-44C SkyTruck,https://evtol.news/lyte-aviation-la-44c-skytruck
Macchina Volontis Flying Car,http://evtol.news/macchine-volantis-flying-car/
Maglev Aero,https://evtol.news/maglev-aero-hyperdrive-propulsion-system
Manta Aircraft ANN Cargo,https://evtol.news/manta-aircraft-ann-cargo
Manta Aircraft ANN Drone,https://evtol.news/manta-aircraft-ann-drone
Manta Aircraft ANN1,https://evtol.news/manta-aircraft-ann1
Manta Aircraft ANN2,https://evtol.news/manta-aircraft-ann2
Manta Aircraft ANN4,https://evtol.news/manta-aircraft-ann4
MGI Engineering MGI Cargo,https://evtol.news/mgi-engineering-mgi-cargo-technology-demonstrator
Micor Technologies Advanced Individual VTOL Aircraft (AIVA),https://evtol.news/micor-technologies-advanced-individual-vtol-aircraft-aiva
Micor Technologies Advanced Multi-passenger VTOL Aircraft (AMVA),https://evtol.news/micor-technologies-advanced-multi-passenger-vtol-aircraft-amva
Micor Technologies Variable Geometry VTOL aircraft &nbsp;(VAGEV),https://evtol.news/micor-technologies-variable-geometry-vtol-aircraft-vagev
Moller International Aerobot®,https://evtol.news/moller-aerobot-concept-design
Moller International Skycar® 100,https://evtol.news/moller-skycar-100
Moller International Skycar® 200,http://evtol.news/moller-skycar-m200/
Moller International Skycar® 400,http://evtol.news/moller-skycar-m400/
Moller International Skycar® 600 LAMV,https://evtol.news/moller-skycar-600-lamv
Moller International Skycar® M200,https://evtol.news/moller-international-skycar-m200m
Moller International Skycar,https://evtol.news/moller-m900
Moscow Team AI Kamchatka,https://evtol.news/moscow-team-ai-kamchatka
Moviation Vonaer,https://evtol.news/moviation-vonaer-concept-design
Moya Aero Moya eVTOL,https://evtol.news/moya-aero-moya-evtol
Moya Aero Moya eVTOL,https://evtol.news/moya-aero-moya-evtol-prototype
MyDraco,https://evtol.news/mydraco
Nalwa Aero Nalwa 5X,https://evtol.news/nalwa-aero-nalwa-5x
NASA Greased Lightning,http://evtol.news/nasa-greased-lightning/
NASA LA-8 eVTOL Testbed,https://evtol.news/nasa-la-8-evtol-testbed
NASA Multi-Tiltrotor,https://evtol.news/nasa-multi-tiltrotor
NASA RAVEN,https://evtol.news/nasa-raven
NASA Tiltduct,https://evtol.news/nasa-tiltduct
NASA Tiltrotor,https://evtol.news/nasa-tiltrotor
NASA Tiltwing,https://evtol.news/nasa-tiltwing
NEAE-GSI eVTOL-BUS,https://evtol.news/neae-gsi-evtol-bus
NEAE-GSI eVTOL-Taxi,https://evtol.news/neae-gsi-evtol-taxi
Neoptera eOpter,http://evtol.news/neoptera/
Next Green Xcar Cuba,https://evtol.news/next-green-xcar-cuba
NFT ASKA 1.0,http://evtol.news/nft-evtol/
NFT&nbsp;ASKA 2.0,http://evtol.news/ntf-aska-20-prototype-design
NFT ASKA 3.0,http://evtol.news/nft-aska-30
NFT ASKA&nbsp;A5,https://evtol.news/aska-a5
Node-Air Node,https://evtol.news/node-air-node
Odonata Heliplane,https://evtol.news/odonata-heliplane
Odys Aviation Unnammed eVTOL,https://evtol.news/craft-aerospace-unnamed-evtol
Ola Electric Ola AirPro,https://evtol.news/ola-electric-ola-airpro
Orca Aerospace Orca eVTOL,https://evtol.news/orca-aerospace-orca-evtol
Overair (Karem) Butterfly,https://evtol.news/overair-karem-butterfly-concept-design
Overair (Karem) Butterfly,http://evtol.news/overair-butterfly/
Overair (Karem) Butterfly,"https://evtol.news/overair-karem-butterfly-prototype"" target=""_blank"
Pantuo Aviation Demonstrator T1,https://evtol.news/pantuo-aviation-demonstrator-t1
Pantuo Aviation Pantala Concept H,https://evtol.news/pantuo-pantala-concept-h
Paragon VTOL Aerospace Soar,https://evtol.news/paragon-vtol-aerospace-soar
Paragon VTOL Aerospace T21 Raptor,http://evtol.news/paragon-vtol-aerospace-t21-raptor/
PDRL AeroHans 2S,https://evtol.news/pdrl-aerohans-2s/
PDRL AeroHans 4S,https://evtol.news/pdrl-aerohans-4s/
Phractyl Macrobat,https://evtol.news/phractyl-macrobat
Piasecki ARES,https://evtol.news/piasecki-ares-concept-design
Plana CP-01,https://evtol.news/plana-unnamed
Porsche Boeing Unnamed J2,https://evtol.news/porsche-unnamed/
Porsche Boeing Unnamed T2,https://evtol.news/porsche-boeing-unnamed-t2
Porsche Boeing Unnamed III,https://evtol.news/porsche-boeing-unnamed-iii
PteroDynamics Transwing,http://evtol.news/pterodynamics-transwing/
Quaternion Group Compact Personal Aircraft,https://evtol.news/quaternion-group-compact-personal-aircraft
Ravatia Aerospace Unnamed Cargo Drone,https://evtol.news/ravatia-aerospace-unnamed-cargo-drone
Ray VTOL Aircraft,http://evtol.news/ray-vtol-aircraft/
Reinhardt Works TU523,https://evtol.news/reinhardt-works-tu523
Robathan LVI eVTOL,https://evtol.news/robathon-lvi-evtol
Robathan Range Rover eVTOL,https://evtol.news/robathan-range-rover-evtol
Robathon SAI eVTOL,"https://evtol.news/robathon-sai-evtol"" target=""_blank"
Robathan SIH eVTOL,https://evtol.news/robathan-sih-evtol
Robathan VEL eVTOL,https://evtol.news/robathan-vel-evtol
Rolls-Royce EVTOL,http://evtol.news/rolls-royce-evtol/
Sabie Mad Bat,https://evtol.news/sabie-mad-bat
Sabie Mad Bat,https://evtol.news/sabie-mad-bat-technology-demonstrator
Sabrewing Draco-2,https://evtol.news/draco-2-uas/
Sabrewing Rhaegal,http://evtol.news/sabrewing-rhaegal-uas/
Saean Group WiD-Sky,https://evtol.news/saean-group-wid-sky
SASTRA University Mistral,https://evtol.news/sastra-university-mistral-concept-design
Scienex Flyter,https://evtol.news/scienex-flyter
Shaanxi Huayu Xianxiang Intelligent Technology Co Subscale Demonstrator,https://evtol.news/shaanxi-huayu-xianxiang-intelligent-technology-co-subscale-demonstrator
Sierra Technical Services Fledermauser FM1,https://evtol.news/sierra-technical-services-fledermauser-fm1-concept-design
Sierra Technical Services Fledermauser FM2,https://evtol.news/sierra-technical-services-fledermauser-fm2-concept-design
Sierra Technical Services&nbsp; Fledermauser FM3,https://evtol.news/sierra-technical-services-fledermauser-fm3-concept-design
Sikorsky HEX 2-Rotor Tiltwing,https://evtol.news/sikorsky-hex-2-rotor
Sikorsky HEX 4-Rotor Tiltwing,"https://evtol.news/sikorsky-hex-4-rotor"" target=""_blank"
Sirius Aviation Sirius Business Jet,https://evtol.news/sirius-aviation-sirius-business-jet-concept-design
Sirius Aviation Sirius eVTOL Jet,https://evtol.news/sirius-aviation-sirius-evtol-jet
Sirius Aviation Sirius Hybrid-Electric VTOL Jet,https://evtol.news/sirius-aviation-sirius-hybrid-electric-vtol-jet
Sirius Aviation Sirius Millennium Jet,https://evtol.news/sirius-aviation-sirius-millennium-jet-concept-design
Sirrandalot Emerald Flyer,https://evtol.news/sirrandalot-emerald-flyer
Sky Chaser,https://evtol.news/sky-chaser-concept-design
Sky Chaser,https://evtol.news/sky-chaser
SkyBoom&nbsp;eVTOL Automobiles,https://evtol.news/skyboom
Skyfly Technologies Axe,https://evtol.news/skyfly-technologies-axe
SKYLYS Aircraft AO,http://evtol.news/skylys-ao/
Skynet Project Genesys X-1,https://evtol.news/skynet-project-genesys-x-1
Skynet Project Genesys X-2,https://evtol.news/skynet-project-ueva
Smolensk Aviation Plant AeroTaxi,https://evtol.news/smolensk-aviation-plant-aerotaxi
Smolensk Joint Development eVTOL,https://evtol.news/smolensk-joint-development-evtol
Streamlined Main Dynamics AAVa,https://evtol.news/streamlined-main-dynamics-aava
Stuttgart Aerospace Apollo,https://evtol.news/stuttgart-aerospace-apollo
Stuttgart Aerospace Eolos,https://evtol.news/stuttgart-aerospace-eolos
Stuttgart Aerospace Eolos 1,https://evtol.news/stuttgart-aerospace-eolos-1
Stuttgart Aerospace Eolos 2,https://evtol.news/stuttgart-aerospace-eolos-model-2
Stuttgart Aerospace Parmenion,https://evtol.news/stuttgart-aerospace-parmenion
Stuttgart Aerospace VMax,https://evtol.news/stuttgart-aerospace-ems
Supernal (Hyundai Motor Group) S-A1,https://evtol.news/hyundai-s-a1/
Supernal (Hyundai Motor Group) S-A2,https://evtol.news/supernal-hyundai-motor-group-s-a2-concept-design
Supervolant Pegasus,http://evtol.news/supervolant-pegasus/
TCab Tech E20,https://evtol.news/tcab-tech-e20-concept-design
TCab Tech E20,https://evtol.news/tcab-tech-e20-subscale-prototype
TCab Tech E20,https://evtol.news/tcab-tech-e20-technology-demonstrator
TCab Tech E20,https://evtol.news/tcab-tech-e20
Technoplane Mini-Bee Air Taxi,https://evtol.news/technoplane-mini-bee-air-taxi
Technoplane Mini-Bee Cargo,https://evtol.news/technoplane-mini-bee-cargo
Technoplane Mini-Bee EMS,https://evtol.news/technoplane-mini-bee-ems
Technoplane Mini-Bee HC,https://evtol.news/technoplane-mini-bee-hc
Technoplane Mini-Bee Sport,https://evtol.news/technoplane-mini-bee-sport
Technoplane Mini-Bee TR1,https://evtol.news/technoplane-mini-bee-tr1
Technoplane Mini-Bee TR2,https://evtol.news/technoplane-mini-bee-tr2
Technoplane Mini-Bee TR3,https://evtol.news/technoplane-mini-bee-tr3
Technoplane Mini-Bee TR4,https://evtol.news/technoplane-mini-bee-tr4
Technoplane Mini-Bee VIP,https://evtol.news/collaborativebee-mini-bee
Terrafugia TF-2 Tiltrotor,http://evtol.news/terrafugia/
Terrafugia TF-X,http://evtol.news/terrafugia-tf-x/
Textron eAviation Nexus,https://evtol.news/textron-eaviation-evtol
This Is Engineering Shift Compson,https://evtol.news/this-is-engineering-shift-compson
This Is Engineering Shift Compson,https://evtol.news/this-is-engineering-shift-compson-prototype
This Is Engineering Shift Compson Wing,https://evtol.news/this-is-engineering-shift-compson-wing
Titan Air Mobility HEXI Solo,https://evtol.news/titan-air-mobility-hexi-solo
Titan Air Mobility HEXI Solo Cargo,https://evtol.news/titan-air-mobility-hexi-solo-cargo
Transcend Air V-421,https://evtol.news/transcend-air-v-421
Transcend Air V-621,https://evtol.news/transcend-air-v-621
Transcend Air V-641,https://evtol.news/transcend-air-v-641
Transcend Air V-653,https://evtol.news/transcend-air-v-653
Transcend Air Vy 400,http://evtol.news/transcend-air-vy-400/
Transcend Air Vy 400R,https://evtol.news/transcend-air-vy-400r
Transcend Air Vy 421,https://evtol.news/transcend-air-vy-421
Trek Aerospace Scorpion,https://evtol.news/trek-aerospace-scorpion
Trek Aerospace Tern,https://evtol.news/trek-aerospace-tern
Tupan Aircraft Tupan 1000,https://evtol.news/tupan-aircraft-tupan-1000
Turkey Demirkanat Helicopter Team,https://evtol.news/turkey-demirkanat-helicopter-team
Uber Elevate eCRM-001,https://evtol.news/uber-elevate-ecrm-001/
Uber Elevate eCRM-004,https://evtol.news/uber-elevate-ecrm-004/
University of Illinois Illini Air Shuttle,https://evtol.news/university-of-illinois-illini-air-shuttle
University of Maryland Starling,https://evtol.news/university-of-maryland-starling
V_Space V Speeder,https://evtol.news/vspace-v-speeder-concept-design
VerdeGo Aero PAT200,http://evtol.news/verdego/
Vertical Aerospace VX4,https://evtol.news/vertical-aerospace-VA-1X
VertiLectric Volpire GF,https://evtol.news/vertilectric-volpire-gf
Vickers WAVE eVTOL,http://evtol.news/wave-evtol/
Vimana AAV,http://evtol.news/vimana/
Vision VTOL,http://evtol.news/vision-vtol/
Volerian,http://evtol.news/volerian/
Volerian Century,https://evtol.news/volerian-century
Volerian Cosmopolitan,https://evtol.news/volerian-cosmopolitan
Volerian Echo,https://evtol.news/volerian-echo
Volerian Lander,https://evtol.news/volerian-lander
Voyzon e-VOTO,http://evtol.news/voyzon-aerospace-e-voto/
VRCO NeoXCraft,http://evtol.news/vrco-neoxcraft/
Wisk Aero Generation 6,https://evtol.news/wisk-aero-generation-6
Xagon Solutions XC Heavy,https://evtol.news/xagon-solutions-xc-heavy
Xeriant Halo,https://evtol.news/xeriant-halo
XTI Aircraft TriFan 200,https://evtol.news/xti-trifan-200
XTI Aircraft TriFan 600,https://evtol.news/xti-trifan-600
Yee Flying Car,https://evtol.news/yee-flying-car-concept-design
Zenith Altitude EOPA,http://evtol.news/zenith-altitude-eopa/
ZeroG ZG-T6,https://evtol.news/zero-gravity-zg-t6
Zeva Aero Z2,https://evtol.news/zeva-z2
Zeva Zero,http://evtol.news/zeva-zero/
Zuri 2.0,https://evtol.news/zuri-20
