Name,Link
Aerofex Aero-X,https://evtol.news/aerofex-aero-x
Aerofex Aero-X Drone,https://evtol.news/aerofex-aero-x-drone
Aerofex Aero-X Motorcycle,https://evtol.news/aerofex-aero-x-motorcycle
Aerofex Aero-X Nautical,https://evtol.news/aerofex-aero-x-nautical
Aeroxo ERA Aviabike,http://evtol.news/aeroxo-lv-era-aviabike/
Air Transportation Technology Catapult One,http://evtol.news/air-transportation-technology-catapult-one/
Airborne Motorworks AeroRunner,https://evtol.news/airborne-motorworks-aerorunner
A.L.I. Technologies Hover Bike,https://evtol.news/ali-technologies-hover-bike/
A.L.I. Technologies XTURISMO,https://evtol.news/ali-technologies-xturismo/
A.L.I. Technologies XTURISMO LE,https://evtol.news/ali-technologies-xturismo-le
Aliptera ADR-1 Dragon Rider,https://evtol.news/aliptera-adr-1-dragon-rider/
ARCA Aerospace Corporation ArcaBoard,https://evtol.news/arca-aerospace-corporation-arcaboard
Ascend Dynamics SkyPak V1,https://evtol.news/ascend-dynamics-skypak-v1
Ascend Dynamics SkyPak V2,https://evtol.news/ascend-dynamics-skypak-v2
Ascend Dynamics SkyPak X1,https://evtol.news/ascend-dynamics-skypak-x1
Assen Aeronautics A1 Explorer,https://evtol.news/assen-a1/
Assen Aeronautics A2 Avenger,https://evtol.news/assen-aerospace-a2-avenger/
Athena Aero,http://evtol.news/athena-aero/
Aviaereo Aereo-bee,http://evtol.news/aviaereo-aereo-bee/
Bay Zoltán Flike,http://evtol.news/flike/
Bay Zoltán Flike 2,https://evtol.news/bay-zoltan-flike-2
Chatillon Haut QuadrAxes,https://evtol.news/chatillon-haut-quadraxes-concept-design
Chatillon Le Frelon V01,https://evtol.news/chatillon-le-frelon-v01-concept-design
Chatillon MotoFly,https://evtol.news/chatillon-motofly-concept-design
Chatillon NautiQuad,https://evtol.news/chatillon-nautiquad-concept-design
Chatillon TriAxes,https://evtol.news/chatillon-triaxes-concept-design
Colin Furze Hoverbike,http://evtol.news/colin-furze-hoverbike/
Concept Aircraft Aircycle,https://evtol.news/concept-aircraft-aircycle/
CopterPack&nbsp;CopterPack,https://evtol.news/copterpack-copterpack
DragonAir Airboard 1,http://evtol.news/dragonair-airboard-1/
DragonAir Airboard 2,https://evtol.news/dragonair-airboard-2
DragonAir Airboard 3,https://evtol.news/dragonair-airboard-3
Edea 22/2 Squid,https://evtol.news/edea-222-squid
Edea 22/3 Kamino,https://evtol.news/edea-223-kamino
ElectraFly ElectraFlyer,http://evtol.news/electrafly-electraflyer/
Electric Jet Aircraft EJ-1B Jetpack,http://evtol.news/electric-jet-aircraft-ej-1b-defunct/
Electric Jet Aircraft EJ-1H Jetpack,https://evtol.news/electric-jet-aircraft-ej-1h-jetpack
Electric Jet Aircraft EJ-1S Jetpack,http://evtol.news/electric-jet-ej-1/
Electric Jet Aircraft VertiCoupe,https://evtol.news/electric-jet-aircraft-verticoupe
Electric Jet Aircraft VertiCycle,http://evtol.news/electric-jet-aircraft-verticycle/
EosFlight,http://evtol.news/eosflight/
FanFlyer,http://evtol.news/fanflyer/
FBike Flying Bike,https://evtol.news/fbike-flying-bike-technology-demonstrator
Georgia Tech HummingBuzz,http://evtol.news/georgia-tech-hummingbuzz/
Hero Flyer (Defunct),http://evtol.news/hero-flyer
Horus Hoverbike,http://evtol.news/horus-hoverbike/
Hover&nbsp;Drone Taxi R-1,http://evtol.news/hoversurf/
Hover&nbsp;Scorpion,http://evtol.news/hoversurf-scorpion/
Hover&nbsp;Scorpion D,https://evtol.news/hoversurf-scorpion-d
Innowings Aerospace PKOK,https://evtol.news/innowings-aerospace-pkok
Innowings Aerospace,http://evtol.news/innowings-aerospace-gofly
IO Aircraft Hornet,https://evtol.news/io-aircraft-hornet
Jayu,http://evtol.news/jayu/
Jetson ONE,https://evtol.news/jetson-one
Jetson Prototype,http://evtol.news/jetsonaerospeeder/
Jump Aero JA1 Pulse,https://evtol.news/jump-aero/
Kalashnikov,http://evtol.news/kalashnikov-hovercycle/
Kitty Hawk Flyer,http://evtol.news/kitty-hawk-prototype/
Kovacs Flike,https://evtol.news/kovacs-flike
Kovacs Racer I,https://evtol.news/kovacs-racer-i
Kovacs Racer II,https://evtol.news/kovacs-racer-ii
Leap Vantage,http://evtol.news/leap-vantage/
Lovenie Fly Kart,https://evtol.news/lovenie-fly-kart
Malloy Aeronautics Hoverbike,https://evtol.news/malloy-hoverbike/
Micor Technologies Advanced Individual Backpack VTOL Aircraft,https://evtol.news/micor-technologies-advanced-individual-backpack-vtol-aircraft-aibva
Micor Technologies Advanced Individual Propellerpack VTOL Aircraft,https://evtol.news/micor-technologies-advanced-individual-propellerpack-vtol-aircraft
NASA Puffin,http://evtol.news/nasa-puffin/
Neva Aerospace AirQuadOne,http://evtol.news/airquadone/
Omni Hoverboards Prototype 1,https://evtol.news/omni-hoverboards-prototype-1
Omni Hoverboards Prototype 2,https://evtol.news/omni-hoverboards-prototype-2
Penn State University Blue Sparrow,http://evtol.news/penn-state-university-blue-sparrow/
Pivotal BlackFly V1,https://evtol.news/opener-blackfly-v1
Pivotal BlackFly V2,https://evtol.news/opener-blackfly-v2
Pivotal BlackFly V3,https://evtol.news/opener-blackfly-v3
Pivotal Helix,https://evtol.news/pivotal-helix-production-model
Pivotal Rebel,https://evtol.news/skykar-rebel/
Raven,https://evtol.news/raven
Ray Research Dart Flyer,http://evtol.news/ray-research-dart-flyer/
rFlight rWing,http://evtol.news/rflight-rwing/
rFlight N217RL,http://evtol.news/rflight-n217rl/
Ryerson (Helium Aero) Paragon,https://evtol.news/ryerson-helium
Scoop Pegasus 1,http://evtol.news/scoop-pegasus-1/
Silverwing S1,http://evtol.news/silverwing-s1/
Skyflow,https://evtol.news/skyflow-motorcycle-hover-bike/
Subaru Land-and-Air,https://evtol.news/subaru-land-and-air
Talaria Hermes I,http://evtol.news/aerodelft-hermes-i/
Teledrone,http://evtol.news/teledrone/
Teledrone Mark I,https://evtol.news/teledrone-mark-i
Teledrone Mark II,https://evtol.news/teledrone-mark-ii
Teledrone Mark III,https://evtol.news/teledrone-mark-iii
Teledrone Mark IV,https://evtol.news/teledrone-mark-iv
Teledrone Mark V,https://evtol.news/teledrone-mark-v-scale
Teledrone Mark VI,https://evtol.news/teledrone-mark-vi-subscale-demonstrator
Teledrone Mk VII,https://evtol.news/teledrone-mk-vii
teTra 3,http://evtol.news/tetra-3/
Texas A&amp;M University Harmony,http://evtol.news/texas-am-university-harmony/
The Real Guys Flying Bathtub,http://evtol.news/the-real-life-guys-flying-bathtub/
ThrustCycle GyroDrone,https://evtol.news/gyrodrone
Tianjin Banlan Aviation Technology Company eVTOL,https://evtol.news/tianjin-banlan-aviation-technology-company-evtol
Trek Aerospace Dragonfly,https://evtol.news/trek-aerospace-dragonfly
Trek Aerospace FlyKart 2,http://evtol.news/trek-aerospace-flykart-2/
Trek Aerospace SoloTrek XFVC,https://evtol.news/trek-aerospace-solotrek-xfvc
Trek Aerospace SoloTrek XFVM,https://evtol.news/trek-aerospace-solotrek-xfvm
Trek Aerospace Springtail,https://evtol.news/trek-aerospace-springtail
University of Kansas Mamba,http://evtol.news/university-of-kansas-mamba/
WatFly Atlas,http://evtol.news/watfly-atlas/
X-Aero X-Craft,http://evtol.news/x-aero-x-craft/
XPeng AeroHT Magic Cloud,https://evtol.news/heitech-magic-cloud
XPeng AeroHT Sport,https://evtol.news/heitech-sport
