Name,Link
Aergility&nbsp;Atlis Gen 1,https://evtol.news/aergility-atlis/
Aergility Atlis Gen 2,https://evtol.news/aergility-atlis-gen-2
Aergility Atlis Gen 3,https://evtol.news/aergility-atlis-gen-3
Aerial Vehicle Automation Winged X8,https://evtol.news/aerial-vehicle-automation-winged-x8/
Aerofugia Technology Co. Ltd. (Geely) Air Car,https://evtol.news/aerofugia-technology-co-ltd-air-car-concept-design
Aerofugia Technology Co. Ltd. (Geely) TF-2,https://evtol.news/aerofugia-technology-company-tf-2
Aerofugia Technology Co. Ltd. (Geely) Transporter,https://evtol.news/aerofugia-technology-co-ltd-transporter-concept-design
AeroMech Incorporated AM-20,https://evtol.news/aeromech-incorporated-am-20
AeroMobil 5.0,http://evtol.news/aeromobil-5-0/
ARC Aerosystems C-150,https://evtol.news/arc-aero-systems-c-150-production-model
ARC Aerosystems C-600,https://evtol.news/arc-aerosystems-c-600-production-model
ARC Aerosystems Q-Starling,https://evtol.news/samad-starling-sport
Ascendance Flight Technologies ATEA,http://evtol.news/atea/
Ascendance Flight Technologies ATEA,https://evtol.news/ascendance-flight-technologies-atea
Aura Aerospace Ranger,https://evtol.news/aura-aerospace-ranger
Aurora Flight Sciences (Boeing) Pegasus PAV,http://evtol.news/aurora/
Autoflight BAT600,http://evtol.news/autoflightx-bat600/
Autoflight Prosperity I (V1500M),https://evtol.news/autoflight-v1500m
Autoflight V400 Albatross,https://evtol.news/autoflight-v400-albatross
Autoflight V600,http://evtol.news/autoflightx-v600/
Autoflight V880CG,https://evtol.news/autoflightx-v880-cargo
Autoflight&nbsp;V1000,https://evtol.news/autoflightx-v1000
Autoflight V1200,https://evtol.news/autoflight-v1200
Beta Technologies ALIA-250,https://evtol.news/beta-technologies-alia/
Braunwagner SkyCab,https://evtol.news/braunwagner-skycab
CargoTron PD250,https://evtol.news/cargotron-pd250
Central Aerohydrodynamic Institute ERA,https://evtol.news/central-aerohydrodynamic-institute-era
Chatillon Drone Air Cargo,https://evtol.news/chatillon-drone-air-cargo
Chatillon Jet,https://evtol.news/chatillon-jet-concept-design
Colugo Systems ARC 500,https://evtol.news/colugo-systems
COMAC ET120,https://evtol.news/comac-evtol
COMAC ET480,https://evtol.news/comac-et480
COMAC Tian Gong,https://evtol.news/comac-tian-gong
Dahir Insaat Azur Rail,https://evtol.news/dahir-insaat-azur-rail
Dahir Insaat BleuClair Rail,https://evtol.news/dahir-insaat-bleuclair-rail
Dahir Insaat Mauve Rail,https://evtol.news/dahir-insaat-mauve-rail
Dahir Insaat Rouge Rail,https://evtol.news/dahir-insaat-rouge-rail
Didia Scout,https://evtol.news/didia-scout-concept-design
Doroni Aerospace H1,https://evtol.news/doroni-h1
Doroni Aerospace H1-X,https://evtol.news/doroni-aerospace-h1-x
Doroni Aerospace H1-X Cargo,https://evtol.news/doroni-aerospace-h1-x-cargo
Doroni Aerospace H1-XE EMS,https://evtol.news/doroni-aerospace-h1-xe-ems
Doroni Aerospace H1-XM Military,https://evtol.news/doroni-aerospace-h1-xm-military
Doroni Aerospace H1-XP Police,https://evtol.news/doroni-aerospace-h1-xp-police
Ecolibri,https://evtol.news/ecolibri
EHang VT-25,https://evtol.news/ehang-vt-25
EHang VT-30,https://evtol.news/ehang-vt30
Electrofluidsystems H2PlasmaRay 6.66,https://evtol.news/electrofluidsystems-h2plasmaray-666
Elroy Air Chaparral,https://evtol.news/elroy-air-chapparral/
Elroy Chaparral C1,https://evtol.news/elroy-air-chaparral-c1
eMagic Aircraft Copter,https://evtol.news/emagic-aircraft-testbed
eMagic Aircraft eMagic Next,https://evtol.news/emagic-aircraft-emagic-next
eMagic Aircraft eMagic One,https://evtol.news/emagic-aircraft-emagic-one
ePlane Company e200,https://evtol.news/the-eplane-company-unnamed-evtol
ERC System Charlie,https://evtol.news/erc-system-charlie
ERC System Echo and Romeo,https://evtol.news/erc-system-echo-romeo
Esprit Aeronautics Heavy Lift Cargo Utility Platform,https://evtol.news/esprit-aeronautics-heavy-lift-cargo-utility-platform/
Esprit Aeronautics Lancer ePAV,http://evtol.news/esprit-aeronautics-lancer-epav/
Eve Air Mobility Eve,https://evtol.news/eve-air-mobility-eve-production-model
Eve Air Mobility Eve M1,https://evtol.news/eve-air-mobility-eve-military-model
Eve Air Mobility Eve V2,https://evtol.news/eve-air-mobility-eve-v2-concept-design
Eve Air Mobility Eve V3,https://evtol.news/embraer/
EVT Aerotechnics ET3,https://evtol.news/evt-aerotechnics-et3-concept-design
EVT Aerotechnics ET9,https://evtol.news/evt-aerotechnics-et9-concept-design
EVT Aerotechnics ET9 001,https://evtol.news/evt-aerotechnics-et9-001
Fei Peng FP-981C,https://evtol.news/fei-peng-fp-981c
Flexcraft Utility Concept,http://evtol.news/flexcraft/
Flexcraft VERA II,https://evtol.news/flexcraft-vera-ii
Flyter PAC VTOL 420-120,http://evtol.news/flyter-pak-vtol-420-120/
Flyter PAC VTOL 720-200,http://evtol.news/flyter-pac-vtol-720-200/
Gadfin Spirit X,https://evtol.news/gadfin-spirit-x
Georgia Institute of Technology Balto,https://evtol.news/georgia-institute-of-technology-balto
Gestalt Aeronauticals VTOL,http://evtol.news/gestalt-aeronauticals-vtol/
GKN Aerospace CTO Challenge,https://evtol.news/gkn-aerospace-cto-challenge
Happy Takeoff CitiFlex,https://evtol.news/happy-takeoff-citiflex
Happy Takeoff Prism,https://evtol.news/happy-takeoff-prism
Hien Aero Technologies HIEN 2,https://evtol.news/hien-aero-technologies-hien-2
Hien Aero Technologies HIEN 6,https://evtol.news/hien-aero-technologies-hien-6
Hien Aero Technologies HIEN Dr-One,https://evtol.news/hien-aero-technologies-hien-dr-one
Hien Aero Technologies HIEN X,https://evtol.news/hien-aero-technologies-hien-x
Hi-Lite Lynx-us,http://evtol.news/hi-lite-lynx-us/
Honda eVTOL,https://evtol.news/honda-evtol
Horizon Aircraft Cavorite X5,https://evtol.news/horizon-aircraft-cavorite-x5
Horizon Aircraft Cavorite X7,https://evtol.news/horizon-aircraft-cavorite-x7
Horyzn Aerospace Silencio Gamma,https://evtol.news/horyzn-aerospace-silencio-gamma
Hover&nbsp;Formula 2 Winged,"https://evtol.news/hoversurf-formula-2-winged"" target=""_blank"
Hover&nbsp;Formula 5,http://evtol.news/hoversurf-formula/
Hover Formula Subscale Prototype,https://evtol.news/hover-formula-subscale-prototype
"Ianis, Mansell Processor 007",https://evtol.news/ianismansell-processor-007
Jetcopter VTOL Technologies SDR-500,https://evtol.news/jetcopter-vtol-technologies-sdr-500
Jetcopter VTOL Technologies Sky Force,https://evtol.news/jetcopter-vtol-technologies-sky-force
Jose Design Metro Flyer,https://evtol.news/jose-design-metro-flyer
Kaite-VTOL 100,https://evtol.news/kaite-vtol-100
Kaite-VTOL 500,https://evtol.news/kaite-vtol-500
Katla Aero Katla 700,https://evtol.news/katla-aero-katla-700
Korea Aerospace Industries (KAI) E2X,https://evtol.news/korea-aerospace-industries-e2x
Korea Aerospace Industries (KAI) E2X Air Cargo,https://evtol.news/korea-aerospace-industries-e2x-air-cargo
Korea Aerospace Industries (KAI) Unnamed,https://evtol.news/korea-aerospace-industries-kai-unnamed-concept-design
Korea Aerospace Research Institute (KARI) Optionally Piloted Personal Air Vehicle (OPPAV),https://evtol.news/kari-pav/
Korea Aerospace Research Institute (KARI) Optionally Piloted Personal Air Vehicle (OPPAV),https://evtol.news/kari-oppav-prototype
Korea Aerospace Research Institute (KARI) Optionally Piloted Personal Air Vehicle (OPPAV),https://evtol.news/kari-oppav-technology-demonstrator
Korean Air KUS-VS,https://evtol.news/korean-air-kus-vs
Leap Aeronautics,https://evtol.news/leap-aeronautics/
Leo Flight Corporation Leo Coupe,https://evtol.news/urban-evtol-leo-coupe
Leo Flight Corporation Lynx,https://evtol.news/urban-evtol-lynx
MEVA Aerospace MEVA X-1,https://evtol.news/meva-aerospace-meva-x-1
MEVA Aerospace MEVA X-2,https://evtol.news/meva-aerospace-meva-x-2
Micor Technologies Advanced Multi-Passenger UAM VTOL Aircraft (AMUVA),https://evtol.news/micor-technologies-advanced-multi-passenger-uam-vtol-aircraft-amuva
Micor Technologies Advanced Vehicle VTOL Jet Aircraft (AVVJA),https://evtol.news/micor-technologies-advanced-vehicle-vtol-jet-aircraft-avvja
Micor Technologies Advanced Vehicle VTOL Large Jet Aircraft (AVVLJA),https://evtol.news/micor-technologies-advanced-vehicle-vtol-large-jet-aircraft-avvlja
Micor Technologies Cargo AVU,https://evtol.news/micor-technologies-cargo-avu
"MightyFly MVP, 1st Gen eVTOL",https://evtol.news/mightyfly-mf-100
"MightyFly 2023 Cento, 2nd Gen eVTOL",https://evtol.news/mightyfly-cento
"MightyFly 2024 Cento, 3rd Gen eVTOL",https://evtol.news/mightyfly-centro-mf-100-3rd-gen
Mojave Mystery eVTOL Aircraft A,https://evtol.news/mojave-mystery-evtol-aircraft-a
Moller International Autovolantor,https://evtol.news/moller-international-autovolantor
MuYu eVTOL,https://evtol.news/muyu-evtol
NAATS Aviation ProMobility,https://evtol.news/naats-aviation-promobility
Napoleon Aero VTOL,http://evtol.news/napoleon-aero-vtol/
NASA Lift+Cruise,https://evtol.news/nasa-lift-cruise
NEX Aero NEX,https://evtol.news/nex-aero-nex
Packwing (Single Rotor),https://evtol.news/packwing-single-rotor/
Packwing (Twin Rotor),https://evtol.news/packwing-twin-rotor/
Pegasus International Group Pegasus Air Taxi,https://evtol.news/pegasus-international-group-pegasus-air-taxi
Pegasus Universal Aerospace Vertical Business Jet,http://evtol.news/pegasus-universal-aerospace-vertical-business-jet/
PFV Personal Flying Vehicle #1,http://evtol.news/pvf-personal-flying-vehicle-1/
Pipistrel Vertical Solutions 801,https://evtol.news/pipistrel-801-evtol/
Pipistrel Vertical Solutions eVTOL,http://evtol.news/pipistrel/
Pipistrel Vertical Solutions Nuuva V300,https://evtol.news/pipistrel-cargo-drone/
Prime Design Consultancy Services Haricopter X1-Q,https://evtol.news/prime-design-consultancy-services-haricopter-x1-q
Rensselaer Polytechnic Institute Oliwhoper,https://evtol.news/rensselaer-polytechnic-institute-oliwhoper
Rosario Hyperlight Aeros,https://evtol.news/rosari-hyperlight-aeros
Roxtern Aerospace Flying Supercar,https://evtol.news/roxtern-aerospace-flying-supercar
Sabie ADIFO,https://evtol.news/sabie-adifo
Sabie ADIFO,https://evtol.news/sabie-adifo-technology-demonstrator
Sahand eVTOL Air Taxi,https://evtol.news/sahand-evtol-air-taxi/
Skybus Consortium Skybus,https://evtol.news/skybus-consortium-skybus
SpyDar Drakar,https://evtol.news/spydar-drakar
SpyDar M-Star,https://evtol.news/spydar-m-star
Stepan Navar Aero,https://evtol.news/stepan-navar-aero
Stepan Navar Falcon,https://evtol.news/stepan-navar-falcon
Stepan Navar Kestrel,https://evtol.news/stepan-navar-kestrel
Swallow VTOL,https://evtol.news/swallow-vtol/
Swallow VTOL - 3&nbsp;thruster version,https://evtol.news/swallow-vtol-3-thruster-version
Talyn Air Unnamed,https://evtol.news/talyn-air-unnamed
Technoplane Mini-Bee Quadcopter,https://evtol.news/technoplane-mini-bee-quadcopter
TechXGeek Marie,https://evtol.news/techxgeek-marie
Terrafugia TF-2,https://evtol.news/terrafugia-tf-2/
Terrafugia TF-2.0 Lift + Push,http://evtol.news/terrafugia-tf-2-lift-push/
Terrafugia TF-2A,https://evtol.news/terrifugia-tf-2a-demonstrator
Terrafugia TF-2A,https://evtol.news/terrafugia-tf-2a/
teTra Aviation Mk-5,https://evtol.news/tetra-aviation-mk-5
Toyota Cargo Drone,https://evtol.news/toyota-cargo-drone
Trek Aerospace Tyrannos,https://evtol.news/trek-aerospace-tyrannos
Uber Elevate eCRM-002,https://evtol.news/uber-elevate-ecrm-002/
Uber Elevate eCRM-003,https://evtol.news/uber-elevate-ecrm-003/
Urban Aeronautics CityHawk,http://evtol.news/urban-aeronautics-cityhawk/
Vertaxi Matrix 1,https://evtol.news/vertaxi-matrix-1-prototype
Volant Aerotech VE25 X1,https://evtol.news/volant-aerotech-ve25-x1-technology-demonstrator
Volant Aerotech VT-25 Tiny,https://evtol.news/volant-aerotech-vt-25
Volkswagen Group China V.MO Flying Tiger (Prototype 1),https://evtol.news/volkswagen-group-china-vmo-flying-tiger-prototype-1
Volkswagen Group China V.MO Sky Garden,https://evtol.news/vmo-sky-garden-full-scale-mockup
Volocopter VoloRegion,https://evtol.news/volocopter-voloconnect
VOX Aircraft M400,https://evtol.news/vox-aircraft-m400
VTOL Aviation India Abhiyaan,http://evtol.news/vtol-aviation-abhiyaan/
VTOL Aviation India Abhiyaan ENM800,https://evtol.news/vtol-aviation-india-abhiyaan-enm800
VTOL Aviation India Abhiyaan ENU800,https://evtol.news/vtol-aviation-india-abhiyaan-enu800
VTOL Aviation India Abhiyaan NX,https://evtol.news/vtol-aviation-india-abhigyaan-nx
VTOL Aviation India Akshaj HNX150,https://evtol.news/vtol-aviation-india-akshaj-hnx150
VTOL Aviation India Akshansh HNX300,https://evtol.news/vtol-aviation-india-akshansh-hnx300
VTOL Aviation India Akshat HNX75,https://evtol.news/vtol-aviation-india-akshat-hnx75
VTOL Aviation India Kirtiman HNM2500,https://evtol.news/vtol-aviation-india-kirtiman-hnm2500
WEFLY,https://evtol.news/wefly
Wisk Aero (formerly Zee Aero) POC (Generation 1),https://evtol.news/wisk-aero-formerly-zee-aero-poc-generation-1
Wisk Aero (formerly Zee Aero) Z-P1 (Generation 2),https://evtol.news/wisk-aero-formerly-zee-aero-z-p1-generation-2
Wisk Aero (formerly Zee Aero) Z-P2 (Generation 3),https://evtol.news/wisk-aero-formerly-zee-aero-z-p2-generation-3
Wisk Aero (formerly Kitty Hawk) Cora (Generation 4),https://evtol.news/wisk-aero-formerly-kitty-hawk-cora-generation-4
Wisk Aero Cora (Generation 5),https://evtol.news/kitty-hawk-cora/
Zee Aero (now Wisk) Z-P2,http://evtol.news/zee-aero/
ZeroG ZG-VC2,https://evtol.news/zero-gravity-zg-vc2
Zeva Aero Argon,https://evtol.news/zeva-aero-argon
Zuri,https://evtol.news/zuri/
Zuri,https://evtol.news/zuri-technology-demonstrator
