Name,Link
3D Molier Cargo Quadrocopter Drone,https://evtol.news/3d-molier-cargo-quadrocopter-drone-concept-design
Advanced Tactics AFRL Transformer,https://evtol.news/advanced-tactics-afrl-transformer
Advanced Tactics Black Knight Transformer,https://evtol.news/advanced-tactics-black-knight-transformer
Advanced Tactics Transporter,https://evtol.news/advanced-tactics-transporter
Aeolus Aerospace Air Car,https://evtol.news/aeolus-aerospace-air-car
Aeras 51,https://evtol.news/aeras-51
Aerial Vehicle Automation X8,https://evtol.news/aerial-vehicle-automation-x8/
Aerodyne Group Vector,http://evtol.news/aerodyne-vector/
Aerodyne Group Vector Concept,https://evtol.news/aerodyne-group-vector-concept-concept-design
Airborne Motorworks AeroRise,https://evtol.news/airborne-motorworks-aerorise
Airborne Motorworks Air Ambulance,https://evtol.news/airborne-motorworks-air-ambulance
Airborne Motorworks AirCommuter,https://evtol.news/airborne-motorworks-aircommuter
Airborne Motorworks Genesis,https://evtol.news/airborne-motorworks-genesis
Airborne Motorworks Grocery Drone,https://evtol.news/airborne-motorworks-grocery-drone
Airborne Motorworks Intermodal Drone,https://evtol.news/airborne-motorworks-intermodal-drone
Airborne Motorworks Phoenix,https://evtol.news/airborne-motorworks-phoenix
Airbus Helicopters&nbsp;CityAirbus,http://evtol.news/airbus-helicopters/
Airbus Helicopters CityAirbus NextGen,https://evtol.news/airbus-cityairbus-nextgen
Airbus Italdesign (Audi) Pop.Up Next,https://evtol.news/pop-up-next/
Airbus Italdesign (Audi) Pop.Up Next,https://evtol.news/airbus-italdesign-popup-next
AirCar,http://evtol.news/aircar/
AirCar,https://evtol.news/aircar-production-model
Airflight,https://evtol.news/Airflight-Prototype-1
Alaka'i Technologies Skai,http://evtol.news/alakai-technologies-skai/
Alaka'i Technologies Skai,https://evtol.news/alakai-technologies-skai-prototype
Alauda Airspeeder Mk1,https://evtol.news/alauda-airspeeder-mark-1
Alauda Airspeeder Mk2,https://evtol.news/alauda-airspeeder-mark-2
Alauda Airspeeder Mk3,https://evtol.news/alauda-airspeeder-mark-3
Alauda Airspeeder Mk4,https://evtol.news/alauda-airspeeder-mark-4
Ambular 2.0,"https://evtol.news/ambular-20"" target=""_blank"
Ambular 3.0,"https://evtol.news/ambular-30"" target=""_blank"
Ambular Drone,"https://evtol.news/ambular-drone"" target=""_blank"
Ambular Pod,"https://evtol.news/ambular-pod"" target=""_blank"
Applied eVTOL Concepts Epiphany&nbsp;FLYING CARpet,https://evtol.news/applied-vtol-concepts-epiphany-flying-carpet
Applied eVTOL Concepts Epiphany Transporter,https://evtol.news/applied-evtol-concepts-epiphany-transporter
Astro Aerospace Alta,https://evtol.news/astro-aerospace-alta/
Astro Aerospace Elroy,http://evtol.news/passenger-drone/
AstroX Racer,https://evtol.news/astrox-racer
Aura Aerospace Guardian 103,https://evtol.news/aura-aerospace-guardian-prototype
Aura Aerospace Guardian G1,https://evtol.news/aura-aerospace-guardian-g1-production-model
Aura Aerospace Guardian G2,"https://evtol.news/aura-aerospace-guardian-g2-production-model-concept-design"" target=""_blank"
Autoflight F240 Hot Wheels,https://evtol.news/autoflight-f240-hot-wheels
Avianovations Hepard,http://evtol.news/avianovations-hepard/
Aviation and Space Technologies Yurik,https://evtol.news/aviation-and-space-technologies-yurik
AXIX SkyRider Horizon,https://evtol.news/axix-skyrider-horizon
AXIX SkyRider SuvA,http://evtol.news/axix-skyrider-suva/
Baykar Cezeri,https://evtol.news/baykar-cezeri/
Bee Flights Bee-1,https://evtol.news/bee-flights-bee-1
Boeing Cargo Air Vehicle CV1,https://evtol.news/boeing-cargo-air-vehicle-cv1
Boeing Cargo Air Vehicle CV2,http://evtol.news/boeing-cav/
Boeing Cargo Air Vehicle IT1,https://evtol.news/boeing-cargo-air-vehicle-it1
Boeing Cargo Air Vehicle IT2,https://evtol.news/boeing-cargo-air-vehicle-it2
B-Technology Beccarii,https://evtol.news/b-technology-beccarii
CAPS Concept Design,https://evtol.news/caps
CAPS Production Aircraft,https://evtol.news/caps-production-aircraft
Cartivator SkyDrive,https://evtol.news/cartivator-skydrive-concept-design
Cartivator SkyDrive,http://evtol.news/cartivator/
Central Aerohydrodynamic Institute Flying Taxi,https://evtol.news/central-aerohydrodynamic-institute-flying-taxi
chAIR Multicopter,http://evtol.news/chair-multicopter/
Champagne and Ciprian Onyx eVTOL,https://evtol.news/champagne-and-ciprian-onyx-evtol
Chatillon Gyrobulance,https://evtol.news/chatillon-gyrobulance-concept-design
Chatillon H10 EMS,https://evtol.news/chatillon-h10-ems-concept-design
Chatillon HexaDeka,https://evtol.news/chatillon-hexadeka-concept-design
Chatillon Livraison Express,https://evtol.news/chatillon-livraison-express-cargo-drone-concept-design
Chatillon Mon Nouveau,https://evtol.news/chatillon-mon-nouveau-concept-design
Chatillon Quadraxes Air Racer,https://evtol.news/chatillon-quadraxes-air-racer
Chatillon Rescq,https://evtol.news/chatillon-rescq-concept-design
Chatillon Triton,https://evtol.news/chatillon-triton-series-of-aircraft
Chatillon Whisper,https://evtol.news/chatillon-whisper-concept-design
CHRDI AVIC Sylan,https://evtol.news/chrdi-avic-sylan
CityJumper,https://evtol.news/cityjumper
Cognitive Bird HDP01,https://evtol.news/cognitive-bird-hdp01
Cognitive Bird HDP02,https://evtol.news/cognitive-bird-hdp02
Cognitive Bird HDP03,https://evtol.news/cognitive-bird-hdp03
Dahir Insaat AzureQuad Rail,https://evtol.news/dahir-insaat-azurequad-rail
Dahir Insaat Fire Rescue,https://evtol.news/insaat-fire-rescue
Dahir Insaat OrQuad Rail,https://evtol.news/dahir-insaat-orquad-rail
Daymak Avvenire Skyrider,https://evtol.news/daymak-avvenire-skyrider
DaVinci Technology ZeroG,https://evtol.news/davinci-zerog-technology-demonstrator
DaVinci Technology ZeroG V1,https://evtol.news/davinci-technology-zerog-v1-concept-design
DaVinci Technology ZeroG V2,https://evtol.news/davinci-technology-zerog-v2-concept-design
DaVinci Technology ZeroG V3,http://evtol.news/davinci-zerog/
Dekatone,http://evtol.news/dekatone/
Didia Combat Scout,https://evtol.news/didia-combat-scout-concept-design
Didia Dragonfly,https://evtol.news/didia-dragonfly-concept-design
Didia Monarch Flyer,https://evtol.news/didia-monarch-flyer-concept-design
Doroni Aerospace Carbon One,https://evtol.news/Doroni-Carbon-One
Doroni Aerospace H1,https://evtol.news/doroni-h1-technology-demonstrator
Doroni Aerospace X8,https://evtol.news/Doroni-X8
Doroni Aerospace Yellowjacket Y6,https://evtol.news/Doroni-Yellowjacket-Y6
Drone Champions Big Drone,https://evtol.news/drone-champions-big-drone
DTA Aircraft Manufacturer eVTOL-4 DTA,https://evtol.news/dta-aircraft-manufacturer-evtol-4-dta
DTA Aircraft Manufacturer eVTOL-2 DTA,https://evtol.news/dta-aircraft-manufacturer-evtol-2-dta
EAC Whisper,http://evtol.news/eac-whisper/
EAM Hel eCrane,http://evtol.news/eam-hel-ecrane/
EFC iUFO,https://evtol.news/efc-iufo
EHang 116,https://evtol.news/ehang-116/
EHang 184,https://evtol.news/ehang/
EHang EH216-F,https://evtol.news/ehang-eh216-f
EHang EH216-L,https://evtol.news/ehang-216l-logistics
EHang EH216-S,https://evtol.news/ehang-216/
Electric Jet Aircraft VertiPod IV,https://evtol.news/electric-jet-aircraft-vertipod-iv
Eve Air Mobility Eve V1,https://evtol.news/eve-air-mobility-eve-v1-concept-design
Event 38 Heavy-lift Drone,https://evtol.news/event-38-heavy-lift-drone
EXA Air Car,https://evtol.news/exa-air-car/
Flutr Motors Flutr,https://evtol.news/flutr-motors-flutr/
Flyt Aerospace FlytCycle 16,https://evtol.news/flyt-aerospace-flytcycle-16
Flyt Aerospace FlytCycle V1,https://evtol.news/flyt-aerospace-flytcycle-v1
Flyt Aerospace FlytCycle V1.5,https://evtol.news/flyt-aerospace-flytcycle-v15
Flyt Aerospace FlytCycle V2,https://evtol.news/flyt-aerospace-flytcycle-v2
Flyt Aerospace FlytCycle V3,https://evtol.news/flytcycle/
Flyt Aerospace Hoverboard,https://evtol.news/flyt-aerospace-flytcycle-hoverboard
Flyt Aerospace Liberator,https://evtol.news/flyt-aerospace-liberator
Flyt Aerospace Mark III,https://evtol.news/flyt-aerospace-mark-iii
Flyt Aerospace Mark IV,https://evtol.news/flyt-aerospace-mark-iv
Flyt Aerospace Medivac Drone,https://evtol.news/flyt-aerospace-medevac-drone
Flyt Aerospace Red Hummingbird,https://evtol.news/flyt-aerospace-red-hummingbird
Flyt Aerospace Supply Drone,https://evtol.news/flyt-aerospace-supply-drone
Flyt Aerospace Troop Transporter FT-2,https://evtol.news/flyt-aerospace-troop-transporter-ft-2
Frogs 282,https://evtol.news/frogs-282
Full Throttle Aerial Scorpion,https://evtol.news/full-throttle-aerial-scorpion
Galvani Fly Citycopter,https://evtol.news/galvani-fly-citycopter-concept-design
Garudeus Aviation KiiRA,http://evtol.news/garudeus-aviation-kiira/
Gelisim University Tusi Technology Demonstrator,https://evtol.news/gelisim-university-tusi-technology-demonstrator
Gelisim University Tusi,https://evtol.news/gelisim-university-tusi
Gizio EJ420 ElectroJet,http://evtol.news/ej420-electrojet/
Green Aerotechnics Research Institute Gatri,https://evtol.news/green-aerotechnics-research-institute-gatri
GroundAero Sport Utility Aircraft,https://evtol.news/groundaero-sport-utility-aircraft
Guangzhou Automobile Group Gove,https://evtol.news/guangzhou-automobile-group-gove
Hi-Fly Cargo,https://evtol.news/hi-fly-cargo
Hi-Fly S700,https://evtol.news/hi-fly-s700
Hover&nbsp;Formula 2,http://evtol.news/hoversurf-formula-no-wing/
Hover&nbsp;Formula 2 Prototype,https://evtol.news/hoversurf-formula-2-prototype
Hover Scorpion Air Taxi,https://evtol.news/hoversurf-scorpion-air-taxi
Hover&nbsp;Scorpion Cargo Drone,https://evtol.news/hoversurf-scorpion-cargo-drone
Hydra Drones Hydra 400,https://evtol.news/hydra-drones-hydra-400
Imaginactive Ambular,http://evtol.news/imagineactive-ambular/
International Aviation Center Begaero Technology Demonstrator,https://evtol.news/international-aviation-center-begaero-technology-demonstrator
IO Aircraft Aelous,https://evtol.news/io-aircraft-aelous
IO Aircraft BlackJack-E,https://evtol.news/io-aircraft-blackjack-e
IO Aircraft BlackJack-H,https://evtol.news/io-aircraft-blackjack-h
IO Aircraft BlackJack-T,https://evtol.news/io-aircraft-blackjack-t
IO Aircraft QC-1,https://evtol.news/io-aircraft-qc-1
IO Aircraft Skyline,https://evtol.news/io-aircraft-skyline
IO Aircraft Skyline-H,https://evtol.news/io-aircraft-skyline-h
Italian Institute of Technology FSD-01,https://evtol.news/italian-institute-of-technology-fsd-01
Jetpack Aviation Blade Runner,http://evtol.news/jetpack-aviation/
Kármán XK-1,http://evtol.news/karman-xk-1/
Kenyan Passenger Drone,http://evtol.news/kenyan-passenger-drone/
Kitty Hawk&nbsp;Flyer,http://evtol.news/kitty-hawk-flyer/
Kovacs Element Drone,https://evtol.news/kovacs-passenger-drone
Kovacs Heavy Duty Drone,https://evtol.news/kovacs-heavy-duty-drone
Krishnan Reconnaissance Copter,https://evtol.news/krishnan-reconnaissance-copter-concept-design
Land Rotor AAM Sporster,https://evtol.news/land-rotor-aam-sportster-concept-design
Land Rotor AAM Sportster,https://evtol.news/land-rotor-aam-sportster
Lazzarini FD-One,https://evtol.news/lazzarini-fd-one
Lazzarini Hover Coupé,https://evtol.news/lazzarini-hover-coup
Lazzarini I.F.O.,https://evtol.news/lazzarini-ifo
Lazzarini Linux,https://evtol.news/lazzarini-linux
Lazzarini Stratosfera,https://evtol.news/lazzarini-stratosfera
LIFT Aircraft HEXA,http://evtol.news/lift-hexa/
LIFT Aircraft HEXA Cargo,https://evtol.news/lift-aircraft-hexa-cargo
LIFT Aircraft HEXA EMS,https://evtol.news/lift-aircraft-hexa-ems
LIFT Aircraft HEXA Fire,https://evtol.news/lift-aircraft-hexa-fire
LIFT Aircraft HEXA Military,https://evtol.news/lift-aircraft-hexa-military
LIFT Aircraft HEXA Police,https://evtol.news/lift-aircraft-hexa-police
LIFT Aircraft HEXA SAR,https://evtol.news/lift-aircraft-hexa-sar
MACA Aviation &amp; Aerospace 11,https://evtol.news/maca-aviation-and-aerospace-eleven
MACA Aviation &amp; Aerospace S11,https://evtol.news/maca-aviation-aerospace-s11
Malloy Aeronautics T150,https://evtol.news/malloy-aeronautics-trv-150
Malloy Aeronautics T400,https://evtol.news/malloy-aeronautics-t400
Malloy Aeronautics T650,https://evtol.news/malloy-aeronautics-t650
ManDrone,http://evtol.news/mandrone/
Merk Heli T-Arrow,https://evtol.news/merk-heli-t-arrow-concept-design
Merk T Copter Car 8,https://evtol.news/merk-t-copter-car-8-concept-design
Merk T Copter Car 25,https://evtol.news/merk-t-copter-car-25-concept-design
Merk T Copter Voiture 44,https://evtol.news/merk-t-copter-voiture-44-concept-design
Merk T Hover School Bus 02,https://evtol.news/merk-t-hover-school-bus-02-concept-design
Micor Technologies Advanced Vehicle VTOL Aircraft (AVVA),https://evtol.news/micor-technologies-advanced-vehicle-vtol-aircraft-avva
Moller International Firefly,https://evtol.news/moller-international-firefly
Moller International Neuera 200,https://evtol.news/moller-international-neuera-200
Moog SureFly,http://evtol.news/workhorse/
My Flying Car,https://evtol.news/my-flying-car
NAATS Aviation NAV Copter 254,https://evtol.news/naats-aviation-nav-copter-254
NASA Dragonfly,https://evtol.news/nasa-dragonfly
NASA Quadrotor,https://evtol.news/nasa-quadrotor
National Polytechnic Institute of Cambodia Human Carrier Drone,https://evtol.news/national-polytechnic-institute-of-cambodia-human-carrier-drone
NEC Corporation eVTOL Testbed,http://evtol.news/nec-flying-car/
Neo Aeronautics Crimson S8,http://evtol.news/neo-aeronautics-crimson-s8/
Neo Aeronautics Crimson S8-SR,https://evtol.news/neo-aeronautics-crimson-s8-sr
Neo Aeronautics Crimson S8-V3,https://evtol.news/neo-aeronautics-crimson-s8-v3
NeXt iFLY,https://evtol.news/next-ifly
NUS Snowstorm,http://evtol.news/nus-snowstorm/
OVER LLC,http://evtol.news/over/
PAV-X PAV-UL Ultralight,http://evtol.news/pav-x-ultralight/
PAV-X,http://evtol.news/pav-x/
Piasecki Air Scout,http://evtol.news/piasecki-air-scout/
Ponti Design Studio Kite,https://evtol.news/ponti-design-studio-kite
PR-DC Flying Car,https://evtol.news/pr-dc-flying-car
Prime Design Consultancy Services Haricopter X1-B,https://evtol.news/prime-design-consultancy-services-haricopter-x1-b
Project Leelyn Drone Prototype 1,https://evtol.news/project-leelyn-drone-prototype-1
Renault AIR4,https://evtol.news/renault-air4
Rosario Vultran Tyger 1,https://evtol.news/rosari-vultran-tyger-1
Rotor X Dragon,https://evtol.news/rotor-x-dragon-prototype
Rotor X Dragon,https://evtol.news/rotor-x-dragon
RYSE Aero Technologies Recon,https://evtol.news/ryse-aero-technologies-recon
Sacdeeil Aerospace VM8,https://evtol.news/sacdeeil-aerospace-vm8-concept-design
Sacdeeil Aerospace VM8,https://evtol.news/sacdeeil-aerospace-vm8-mock-up
Schumacher-Lehner PLC28 Chopper,https://evtol.news/schumacher-lehner-plc28-chopper-concept-design
SeaHorse Air SeaHorse H5,https://evtol.news/seahorse-air-seahorse-h5
Shenzhen UFO Flying Saucer Technology UFO eVTOL,https://evtol.news/shenzhen-ufo-flying-saucer-technology-ufo-evtol
Star 8 Green ECAV 50,https://evtol.news/star-8-green-ecav-50
Star 8 Green ECAV 100,https://evtol.news/star-8-green-ecav-100
Star 8 Green ECAV 150,https://evtol.news/star-8-green-ecav-150
Star 8 Green EMAV-2 Flying Car,https://evtol.news/star-8-green-emav-2-flying-car
Star 8 Green EMAV-2 Flying Taxi,https://evtol.news/star-8-green-emav-2-flying-taxi
Star 8 Green EMAV-4 Flying Taxi,https://evtol.news/star-8-green-emav-4-flying-taxi
Star 8 Green EMAV Sports Flyer,"https://evtol.news/star-8-green-emav-sports-flyer"" target=""_blank"
Star 8 Green Hoverboard V1.0,https://evtol.news/star-8-green-hoverboard-v10
Star 8 Green Hoverboard V2.0,https://evtol.news/star-8-green-hoverboard-v20
Star 8 Green Koncepto Millenya,http://evtol.news/gravity-x/
Star 8 Green Rescue Drone,https://evtol.news/star-8-green-rescue-drone
Stuttgart Aerospace Cargo Box,https://evtol.news/stuttgart-aerospace-cargo-box
Stuttgart Aerospace Hephestos,https://evtol.news/stuttgart-aerospace-fire-department
SkyDrive SD-01,https://evtol.news/skydrive-sd-01
SkyDrive SD-02,https://evtol.news/skydrive-sd-02
SkyDrive SD-03,"https://evtol.news/skydrive-sd-03"" target=""_blank"
SkyDrive SD-05,https://evtol.news/skydrive-sd-05
SkyDrive SD-XX,https://evtol.news/skydrive-sd-xx
SkyDrive SKYDRIVE,https://evtol.news/skydrive-skydrive
SkyDrive SkyLift,https://evtol.news/skydrive-skylift
Sky-Hopper,http://evtol.news/sky-hopper/
Skypod Aerospace Skypod,http://evtol.news/skypod/
Swarm Multicopter,http://evtol.news/swarm-multicopter/
Technoplane Mini-Bee Decacopter,https://evtol.news/technoplane-mini-bee-decacopter
Technoplane Mini-Bee Hexacontacopter,https://evtol.news/technoplane-mini-bee-hexacontacopter
Technoplane Mini-Bee Hexatriacontacopter,https://evtol.news/technoplane-mini-bee-hexatriacontacopter
Technoplane Mini-Bee Hexacopter,https://evtol.news/technoplane-mini-bee-hexacopter
Technoplane Mini-Bee Octacopter,https://evtol.news/technoplane-mini-bee-octacopter
Technoplane Mini-Bee Octadecacopter,https://evtol.news/technoplane-mini-bee-octadecacopter
Trek Aerospace DuoTrek 1.0,https://evtol.news/trek-aerospace-air-car
Trek Aerospace DuoTrek 2.0,https://evtol.news/trek-aerospace-duotrek-20
Trek Aerospace Mule,https://evtol.news/trek-aerospace-mule
Trek Aerospace Nightingale,https://evtol.news/trek-aerospace-nightingale
Trek Aerospace OAV-II,https://evtol.news/trek-aerospace-oav-ii
Turkish Technic Esinti,https://evtol.news/turkish-technic-esinti
Uniqopter Inc. Uniqopter,https://evtol.news/uniqopter-uniqopter
V_Space V Speeder V1,https://evtol.news/v-space-v-speeder
V_Space V Speeder V2,https://evtol.news/vspace-v-speeder-v2
V_Space V Speeder V3,https://evtol.news/vspace-v-speeder-v3
V_Space V Speeder-X,https://evtol.news/vspace-v-speeder-x-concept-design
Vadar X-H1,https://evtol.news/vadar-x-h1
Varon V200,http://evtol.news/varon-v200/
Varon V210,https://evtol.news/varon-vehicles-v210
Vertical Aerospace VA-X1,http://evtol.news/vertical-aerospace/
Vertical Aerospace VA-X2,https://evtol.news/vertical-aerospace-seraph/
Vinata Aeromobility Air Cargo,https://evtol.news/vinata-aeromobility-cargo-drone
Vinata Aeromobility Flying Car,https://evtol.news/vinata-aeromobility
Vira Drones M-250 Logistic,https://evtol.news/vira-drones-m-250-logistic
Vira Drones M-450 Fire Rescue,https://evtol.news/vira-drones-m-450-fire-rescue
Vira Drones M-500 Logistic,https://evtol.news/vira-drones-m-500-logistic
Vira Drones M-750 Logistic,https://evtol.news/vira-drones-m-750-logistic
Vira Drones M-1000A Logistic,https://evtol.news/vira-drones-m-1000a
Vira Drones M-1000B Logistic,https://evtol.news/vira-drones-m-1000b
Vira Drones M-1000C Logistic,https://evtol.news/vira-drones-m-1000c
Vira Drones M-1000D Logistic,https://evtol.news/vira-drones-m-1000d
Volocopter&nbsp;(e-volo) VC007 ,https://evtol.news/volocopter-e-volo-vc007-defunct
Volocopter (e-volo) VC1,https://evtol.news/volocopter-vc1-vc2/
Volocopter (e-volo) VC2,https://evtol.news/volocopter-vc2-defunct-prototype
Volocopter (e-volo) VC100,https://evtol.news/volocopter-e-volo-vc100-defunct
Volocopter (e-volo) VC400,https://evtol.news/volocopter-e-volo-vc400-defunct
Volocopter (e-volo) uVC100 cargo,https://evtol.news/volocopter-e-volo-uvc100-cargo-defunct
Volocopter (e-volo) uVC200 cargo,https://evtol.news/volocopter-e-volo-uvc200-cargo-defunct
Volocopter (e-volo)&nbsp;uVC400 cargo,https://evtol.news/volocopter-e-volo-uvc400-cargo-defunct
Volocopter (e-volo) VC Evolution 1P,https://evtol.news/volocopter-vc-evolution-1p
Volocopter (e-volo) VC Evolution 2P,https://evtol.news/volocopter-vc-evolution-2p
Volocopter 2X,https://evtol.news/volocopter-2x/
Volocopter VC200,http://evtol.news/volocopter/
Volocopter VoloCity,"https://evtol.news/volocopter-volocity/"" rel=""noopener noreferrer"
Volocopter VoloDrone,https://evtol.news/volocopter-volodrone/
Voltline Skyla,https://evtol.news/voltline-skyla
Voltline Skyla_V1,https://evtol.news/voltline-skylav1
Voltline Skyla_V2,https://evtol.news/voltline-skylav2-production-aircraft
Walliams Chitty Chitty Bang Bang,https://evtol.news/walliams-chitty-chitty-bang-bang
Weslax HyLift,https://evtol.news/weslax-hylift
Weslax HySky,https://evtol.news/weslax-hysky
Weslax Proof of Concept,https://evtol.news/weslax-proof-of-concept
XPeng AeroHT Air F1,https://evtol.news/heitech-air-f1
XPeng AeroHT Cruiser,https://evtol.news/heitech-cruiser
XPeng AeroHT eVTOL Flying Car,https://evtol.news/xpeng-aeroht-evtol-flying-car-concept-design
XPeng AeroHT Flying Car,https://evtol.news/xpeng-ht-aero-flying-car
XPeng AeroHT Modular Flying Car,https://evtol.news/xpeng-aeroht-modular-flying-car-concept-design
XPeng AeroHT Skimmer,https://evtol.news/heitech-skimmer
XPeng AeroHT Snow Flyer,https://evtol.news/xpeng-aeroht-snow-flyer-concept-design
XPeng AeroHT T1,https://evtol.news/kiwigogo-t-one/
XPeng AeroHT Voyager X1,https://evtol.news/xpeng-aeroht-voyager-x1
XPeng AeroHT Voyager X2,https://evtol.news/xpeng-voyager-x2
XPeng AeroHT X3,https://evtol.news/xpeng-aeroht-x3
XPeng AeroHT X3,https://evtol.news/xpeng-aeroht-x3-technology-demonstrator
Zapata AirScooter,https://evtol.news/zapata-airscooter
Zero Gravity ZG-ONE,https://evtol.news/zero-gravity-zg-one
Zhang Prototype 2,https://evtol.news/zhang-prototype-2
Zhang Prototype 3,https://evtol.news/zhang-prototype-3
Zhuhai Svffi Aviation SF-80,https://evtol.news/zhuhai-svffi-aviation-sf-80
Zhuhai Svffi Aviation SF-DL-180,https://evtol.news/zhuhai-svffi-aviation-sf-dl-180
Zhuhai Svffi Aviation SF-X8-F23K-75,https://evtol.news/zhuhai-svffi-aviation-sf-x8-f23k-75
Zhuhai Svffi Aviation SVF-180,https://evtol.news/zhuhai-svffi-aviation-svf-180
